loan_id,no_of_dependents,education,self_employed,income_annum,loan_amount,loan_term,cibil_score,residential_assets_value,commercial_assets_value,luxury_assets_value,bank_asset_value,prediction,prediction_label,approval_probability,logged_at_utc
0,0,Not Graduate,No,1.0,1.0,1,300,0.0,0.0,0.0,0.0,0,Rejected,0.235,2026-06-07T22:27:07.672447+00:00
0,0,Not Graduate,No,1.0,1.0,1,795,45.0,0.0,0.0,0.0,1,Approved,0.815,2026-06-07T22:27:54.751432+00:00
0,0,Not Graduate,No,1.0,1.0,1,650,50000.0,0.0,0.0,0.0,1,Approved,0.815,2026-06-07T22:28:49.396424+00:00
1001,2,Graduate,No,9600000.0,29900000.0,12,778,2400000.0,17600000.0,22700000.0,8000000.0,1,Approved,0.97,2026-06-08T01:32:17.799509+00:00
1001,2,Graduate,No,9600000.0,29900000.0,12,778,2400000.0,17600000.0,22700000.0,8000000.0,1,Approved,0.97,2026-06-08T01:32:17.816785+00:00
1002,2,Not Graduate,Yes,9600000.0,29900000.0,12,650,2400000.0,17600000.0,22700000.0,8000000.0,1,Approved,0.97,2026-06-08T01:32:17.816785+00:00
1001,2,Graduate,No,9600000.0,29900000.0,12,778,2400000.0,17600000.0,22700000.0,8000000.0,1,Approved,0.97,2026-06-08T01:32:17.851015+00:00
1001,2,Graduate,No,9600000.0,29900000.0,12,778,2400000.0,17600000.0,22700000.0,8000000.0,1,Approved,0.97,2026-06-08T01:32:17.875355+00:00
1001,2,Graduate,No,9600000.0,29900000.0,12,778,0.0,17600000.0,22700000.0,8000000.0,1,Approved,0.97,2026-06-08T01:32:17.905241+00:00
1001,2,Graduate,No,9600000.0,29900000.0,12,778,2400000.0,0.0,22700000.0,8000000.0,1,Approved,0.975,2026-06-08T01:32:17.920278+00:00
1001,2,Graduate,No,9600000.0,29900000.0,12,778,2400000.0,17600000.0,0.0,8000000.0,0,Rejected,0.28,2026-06-08T01:32:17.935660+00:00
1001,2,Graduate,No,9600000.0,29900000.0,12,778,2400000.0,17600000.0,22700000.0,0.0,1,Approved,0.955,2026-06-08T01:32:17.950673+00:00
1001,2,Graduate,No,9600000.0,29900000.0,12,778,0.0,0.0,0.0,0.0,0,Rejected,0.145,2026-06-08T01:32:17.967130+00:00
1001,2,Graduate,No,9600000.0,29900000.0,12,300,2400000.0,17600000.0,22700000.0,8000000.0,0,Rejected,0.1,2026-06-08T01:32:17.987351+00:00
1001,2,Graduate,No,9600000.0,29900000.0,12,900,2400000.0,17600000.0,22700000.0,8000000.0,1,Approved,0.97,2026-06-08T01:32:18.005853+00:00
1001,2,Graduate,No,9600000.0,29900000.0,12,778,2400000.0,17600000.0,22700000.0,8000000.0,1,Approved,0.97,2026-06-08T01:32:18.023447+00:00
1001,2,Not Graduate,No,9600000.0,29900000.0,12,778,2400000.0,17600000.0,22700000.0,8000000.0,1,Approved,0.975,2026-06-08T01:32:18.040628+00:00
1001,2,Graduate,Yes,9600000.0,29900000.0,12,778,2400000.0,17600000.0,22700000.0,8000000.0,1,Approved,0.97,2026-06-08T01:32:18.056984+00:00
1001,2,Graduate,No,9600000.0,29900000.0,12,778,2400000.0,17600000.0,22700000.0,8000000.0,1,Approved,0.97,2026-06-08T01:32:18.073589+00:00
1001,2,Graduate,No,9600000.0,29900000.0,12,778,2400000.0,17600000.0,22700000.0,8000000.0,1,Approved,0.97,2026-06-08T01:35:20.789091+00:00
1001,2,Graduate,No,9600000.0,29900000.0,12,778,2400000.0,17600000.0,22700000.0,8000000.0,1,Approved,0.97,2026-06-08T01:35:20.806927+00:00
1002,2,Not Graduate,Yes,9600000.0,29900000.0,12,650,2400000.0,17600000.0,22700000.0,8000000.0,1,Approved,0.97,2026-06-08T01:35:20.806927+00:00
1001,2,Graduate,No,9600000.0,29900000.0,12,778,2400000.0,17600000.0,22700000.0,8000000.0,1,Approved,0.97,2026-06-08T01:35:20.835498+00:00
1001,2,Graduate,No,9600000.0,29900000.0,12,778,2400000.0,17600000.0,22700000.0,8000000.0,1,Approved,0.97,2026-06-08T01:35:20.858084+00:00
1001,2,Graduate,No,9600000.0,29900000.0,12,778,0.0,17600000.0,22700000.0,8000000.0,1,Approved,0.97,2026-06-08T01:35:20.884425+00:00
1001,2,Graduate,No,9600000.0,29900000.0,12,778,2400000.0,0.0,22700000.0,8000000.0,1,Approved,0.975,2026-06-08T01:35:20.899322+00:00
1001,2,Graduate,No,9600000.0,29900000.0,12,778,2400000.0,17600000.0,0.0,8000000.0,0,Rejected,0.28,2026-06-08T01:35:20.913810+00:00
1001,2,Graduate,No,9600000.0,29900000.0,12,778,2400000.0,17600000.0,22700000.0,0.0,1,Approved,0.955,2026-06-08T01:35:20.930494+00:00
1001,2,Graduate,No,9600000.0,29900000.0,12,778,0.0,0.0,0.0,0.0,0,Rejected,0.145,2026-06-08T01:35:20.946128+00:00
1001,2,Graduate,No,9600000.0,29900000.0,12,300,2400000.0,17600000.0,22700000.0,8000000.0,0,Rejected,0.1,2026-06-08T01:35:20.965645+00:00
1001,2,Graduate,No,9600000.0,29900000.0,12,900,2400000.0,17600000.0,22700000.0,8000000.0,1,Approved,0.97,2026-06-08T01:35:20.981352+00:00
1001,2,Graduate,No,9600000.0,29900000.0,12,778,2400000.0,17600000.0,22700000.0,8000000.0,1,Approved,0.97,2026-06-08T01:35:20.997153+00:00
1001,2,Not Graduate,No,9600000.0,29900000.0,12,778,2400000.0,17600000.0,22700000.0,8000000.0,1,Approved,0.975,2026-06-08T01:35:21.014089+00:00
1001,2,Graduate,Yes,9600000.0,29900000.0,12,778,2400000.0,17600000.0,22700000.0,8000000.0,1,Approved,0.97,2026-06-08T01:35:21.030024+00:00
1001,2,Graduate,No,9600000.0,29900000.0,12,778,2400000.0,17600000.0,22700000.0,8000000.0,1,Approved,0.97,2026-06-08T01:35:21.047534+00:00
1001,2,Graduate,No,9600000.0,29900000.0,12,778,2400000.0,17600000.0,22700000.0,8000000.0,1,Approved,0.97,2026-06-08T01:37:40.654741+00:00
1001,2,Graduate,No,9600000.0,29900000.0,12,778,2400000.0,17600000.0,22700000.0,8000000.0,1,Approved,0.97,2026-06-08T01:37:40.672825+00:00
1002,2,Not Graduate,Yes,9600000.0,29900000.0,12,650,2400000.0,17600000.0,22700000.0,8000000.0,1,Approved,0.97,2026-06-08T01:37:40.672825+00:00
1001,2,Graduate,No,9600000.0,29900000.0,12,778,2400000.0,17600000.0,22700000.0,8000000.0,1,Approved,0.97,2026-06-08T01:37:40.704266+00:00
1001,2,Graduate,No,9600000.0,29900000.0,12,778,2400000.0,17600000.0,22700000.0,8000000.0,1,Approved,0.97,2026-06-08T01:37:40.728682+00:00
1001,2,Graduate,No,9600000.0,29900000.0,12,778,0.0,17600000.0,22700000.0,8000000.0,1,Approved,0.97,2026-06-08T01:37:40.755677+00:00
1001,2,Graduate,No,9600000.0,29900000.0,12,778,2400000.0,0.0,22700000.0,8000000.0,1,Approved,0.975,2026-06-08T01:37:40.769417+00:00
1001,2,Graduate,No,9600000.0,29900000.0,12,778,2400000.0,17600000.0,0.0,8000000.0,0,Rejected,0.28,2026-06-08T01:37:40.783025+00:00
1001,2,Graduate,No,9600000.0,29900000.0,12,778,2400000.0,17600000.0,22700000.0,0.0,1,Approved,0.955,2026-06-08T01:37:40.797047+00:00
1001,2,Graduate,No,9600000.0,29900000.0,12,778,0.0,0.0,0.0,0.0,0,Rejected,0.145,2026-06-08T01:37:40.813685+00:00
1001,2,Graduate,No,9600000.0,29900000.0,12,300,2400000.0,17600000.0,22700000.0,8000000.0,0,Rejected,0.1,2026-06-08T01:37:40.834997+00:00
1001,2,Graduate,No,9600000.0,29900000.0,12,900,2400000.0,17600000.0,22700000.0,8000000.0,1,Approved,0.97,2026-06-08T01:37:40.850944+00:00
1001,2,Graduate,No,9600000.0,29900000.0,12,778,2400000.0,17600000.0,22700000.0,8000000.0,1,Approved,0.97,2026-06-08T01:37:40.867564+00:00
1001,2,Not Graduate,No,9600000.0,29900000.0,12,778,2400000.0,17600000.0,22700000.0,8000000.0,1,Approved,0.975,2026-06-08T01:37:40.884184+00:00
1001,2,Graduate,Yes,9600000.0,29900000.0,12,778,2400000.0,17600000.0,22700000.0,8000000.0,1,Approved,0.97,2026-06-08T01:37:40.899869+00:00
1001,2,Graduate,No,9600000.0,29900000.0,12,778,2400000.0,17600000.0,22700000.0,8000000.0,1,Approved,0.97,2026-06-08T01:37:40.919297+00:00
1001,2,Graduate,No,9600000.0,29900000.0,12,778,2400000.0,17600000.0,22700000.0,8000000.0,1,Approved,0.97,2026-06-08T01:58:35.673450+00:00
1001,2,Graduate,No,9600000.0,29900000.0,12,778,2400000.0,17600000.0,22700000.0,8000000.0,1,Approved,0.97,2026-06-08T01:58:35.690371+00:00
1002,2,Not Graduate,Yes,9600000.0,29900000.0,12,650,2400000.0,17600000.0,22700000.0,8000000.0,1,Approved,0.97,2026-06-08T01:58:35.690371+00:00
1001,2,Graduate,No,9600000.0,29900000.0,12,778,2400000.0,17600000.0,22700000.0,8000000.0,1,Approved,0.97,2026-06-08T01:58:35.720202+00:00
1001,2,Graduate,No,9600000.0,29900000.0,12,778,2400000.0,17600000.0,22700000.0,8000000.0,1,Approved,0.97,2026-06-08T01:58:35.742966+00:00
1001,2,Graduate,No,9600000.0,29900000.0,12,778,0.0,17600000.0,22700000.0,8000000.0,1,Approved,0.97,2026-06-08T01:58:35.771416+00:00
1001,2,Graduate,No,9600000.0,29900000.0,12,778,2400000.0,0.0,22700000.0,8000000.0,1,Approved,0.975,2026-06-08T01:58:35.786011+00:00
1001,2,Graduate,No,9600000.0,29900000.0,12,778,2400000.0,17600000.0,0.0,8000000.0,0,Rejected,0.28,2026-06-08T01:58:35.800185+00:00
1001,2,Graduate,No,9600000.0,29900000.0,12,778,2400000.0,17600000.0,22700000.0,0.0,1,Approved,0.955,2026-06-08T01:58:35.813632+00:00
1001,2,Graduate,No,9600000.0,29900000.0,12,778,0.0,0.0,0.0,0.0,0,Rejected,0.145,2026-06-08T01:58:35.828952+00:00
1001,2,Graduate,No,9600000.0,29900000.0,12,300,2400000.0,17600000.0,22700000.0,8000000.0,0,Rejected,0.1,2026-06-08T01:58:35.846850+00:00
1001,2,Graduate,No,9600000.0,29900000.0,12,900,2400000.0,17600000.0,22700000.0,8000000.0,1,Approved,0.97,2026-06-08T01:58:35.862825+00:00
1001,2,Graduate,No,9600000.0,29900000.0,12,778,2400000.0,17600000.0,22700000.0,8000000.0,1,Approved,0.97,2026-06-08T01:58:35.878236+00:00
1001,2,Not Graduate,No,9600000.0,29900000.0,12,778,2400000.0,17600000.0,22700000.0,8000000.0,1,Approved,0.975,2026-06-08T01:58:35.896316+00:00
1001,2,Graduate,Yes,9600000.0,29900000.0,12,778,2400000.0,17600000.0,22700000.0,8000000.0,1,Approved,0.97,2026-06-08T01:58:35.913245+00:00
1001,2,Graduate,No,9600000.0,29900000.0,12,778,2400000.0,17600000.0,22700000.0,8000000.0,1,Approved,0.97,2026-06-08T01:58:35.929890+00:00
1001,2,Graduate,No,9600000.0,29900000.0,12,778,2400000.0,17600000.0,22700000.0,8000000.0,1,Approved,0.97,2026-06-08T01:59:47.947857+00:00
1001,2,Graduate,No,9600000.0,29900000.0,12,778,2400000.0,17600000.0,22700000.0,8000000.0,1,Approved,0.97,2026-06-08T01:59:47.965141+00:00
1002,2,Not Graduate,Yes,9600000.0,29900000.0,12,650,2400000.0,17600000.0,22700000.0,8000000.0,1,Approved,0.97,2026-06-08T01:59:47.965141+00:00
1001,2,Graduate,No,9600000.0,29900000.0,12,778,2400000.0,17600000.0,22700000.0,8000000.0,1,Approved,0.97,2026-06-08T01:59:48.001282+00:00
1001,2,Graduate,No,9600000.0,29900000.0,12,778,2400000.0,17600000.0,22700000.0,8000000.0,1,Approved,0.97,2026-06-08T01:59:48.022430+00:00
1001,2,Graduate,No,9600000.0,29900000.0,12,778,0.0,17600000.0,22700000.0,8000000.0,1,Approved,0.97,2026-06-08T01:59:48.050340+00:00
1001,2,Graduate,No,9600000.0,29900000.0,12,778,2400000.0,0.0,22700000.0,8000000.0,1,Approved,0.975,2026-06-08T01:59:48.064658+00:00
1001,2,Graduate,No,9600000.0,29900000.0,12,778,2400000.0,17600000.0,0.0,8000000.0,0,Rejected,0.28,2026-06-08T01:59:48.078186+00:00
1001,2,Graduate,No,9600000.0,29900000.0,12,778,2400000.0,17600000.0,22700000.0,0.0,1,Approved,0.955,2026-06-08T01:59:48.092192+00:00
1001,2,Graduate,No,9600000.0,29900000.0,12,778,0.0,0.0,0.0,0.0,0,Rejected,0.145,2026-06-08T01:59:48.109958+00:00
1001,2,Graduate,No,9600000.0,29900000.0,12,300,2400000.0,17600000.0,22700000.0,8000000.0,0,Rejected,0.1,2026-06-08T01:59:48.130715+00:00
1001,2,Graduate,No,9600000.0,29900000.0,12,900,2400000.0,17600000.0,22700000.0,8000000.0,1,Approved,0.97,2026-06-08T01:59:48.148136+00:00
1001,2,Graduate,No,9600000.0,29900000.0,12,778,2400000.0,17600000.0,22700000.0,8000000.0,1,Approved,0.97,2026-06-08T01:59:48.163447+00:00
1001,2,Not Graduate,No,9600000.0,29900000.0,12,778,2400000.0,17600000.0,22700000.0,8000000.0,1,Approved,0.975,2026-06-08T01:59:48.179115+00:00
1001,2,Graduate,Yes,9600000.0,29900000.0,12,778,2400000.0,17600000.0,22700000.0,8000000.0,1,Approved,0.97,2026-06-08T01:59:48.197504+00:00
1001,2,Graduate,No,9600000.0,29900000.0,12,778,2400000.0,17600000.0,22700000.0,8000000.0,1,Approved,0.97,2026-06-08T01:59:48.216882+00:00
1001,2,Graduate,No,9600000.0,29900000.0,12,778,2400000.0,17600000.0,22700000.0,8000000.0,1,Approved,0.97,2026-06-08T02:00:32.412428+00:00
1001,2,Graduate,No,9600000.0,29900000.0,12,778,2400000.0,17600000.0,22700000.0,8000000.0,1,Approved,0.97,2026-06-08T02:00:32.430837+00:00
1002,2,Not Graduate,Yes,9600000.0,29900000.0,12,650,2400000.0,17600000.0,22700000.0,8000000.0,1,Approved,0.97,2026-06-08T02:00:32.430837+00:00
1001,2,Graduate,No,9600000.0,29900000.0,12,778,2400000.0,17600000.0,22700000.0,8000000.0,1,Approved,0.97,2026-06-08T02:00:32.456948+00:00
1001,2,Graduate,No,9600000.0,29900000.0,12,778,2400000.0,17600000.0,22700000.0,8000000.0,1,Approved,0.97,2026-06-08T02:00:32.477941+00:00
1001,2,Graduate,No,9600000.0,29900000.0,12,778,0.0,17600000.0,22700000.0,8000000.0,1,Approved,0.97,2026-06-08T02:00:32.504069+00:00
1001,2,Graduate,No,9600000.0,29900000.0,12,778,2400000.0,0.0,22700000.0,8000000.0,1,Approved,0.975,2026-06-08T02:00:32.518928+00:00
1001,2,Graduate,No,9600000.0,29900000.0,12,778,2400000.0,17600000.0,0.0,8000000.0,0,Rejected,0.28,2026-06-08T02:00:32.533196+00:00
1001,2,Graduate,No,9600000.0,29900000.0,12,778,2400000.0,17600000.0,22700000.0,0.0,1,Approved,0.955,2026-06-08T02:00:32.549454+00:00
1001,2,Graduate,No,9600000.0,29900000.0,12,778,0.0,0.0,0.0,0.0,0,Rejected,0.145,2026-06-08T02:00:32.566054+00:00
1001,2,Graduate,No,9600000.0,29900000.0,12,300,2400000.0,17600000.0,22700000.0,8000000.0,0,Rejected,0.1,2026-06-08T02:00:32.585090+00:00
1001,2,Graduate,No,9600000.0,29900000.0,12,900,2400000.0,17600000.0,22700000.0,8000000.0,1,Approved,0.97,2026-06-08T02:00:32.600102+00:00
1001,2,Graduate,No,9600000.0,29900000.0,12,778,2400000.0,17600000.0,22700000.0,8000000.0,1,Approved,0.97,2026-06-08T02:00:32.616217+00:00
1001,2,Not Graduate,No,9600000.0,29900000.0,12,778,2400000.0,17600000.0,22700000.0,8000000.0,1,Approved,0.975,2026-06-08T02:00:32.632612+00:00
1001,2,Graduate,Yes,9600000.0,29900000.0,12,778,2400000.0,17600000.0,22700000.0,8000000.0,1,Approved,0.97,2026-06-08T02:00:32.647289+00:00
1001,2,Graduate,No,9600000.0,29900000.0,12,778,2400000.0,17600000.0,22700000.0,8000000.0,1,Approved,0.97,2026-06-08T02:00:32.662910+00:00
1001,2,Graduate,No,9600000.0,29900000.0,12,778,2400000.0,17600000.0,22700000.0,8000000.0,1,Approved,0.97,2026-06-08T02:01:16.411986+00:00
1001,2,Graduate,No,9600000.0,29900000.0,12,778,2400000.0,17600000.0,22700000.0,8000000.0,1,Approved,0.97,2026-06-08T02:01:16.429248+00:00
1002,2,Not Graduate,Yes,9600000.0,29900000.0,12,650,2400000.0,17600000.0,22700000.0,8000000.0,1,Approved,0.97,2026-06-08T02:01:16.429248+00:00
1001,2,Graduate,No,9600000.0,29900000.0,12,778,2400000.0,17600000.0,22700000.0,8000000.0,1,Approved,0.97,2026-06-08T02:01:16.456467+00:00
1001,2,Graduate,No,9600000.0,29900000.0,12,778,2400000.0,17600000.0,22700000.0,8000000.0,1,Approved,0.97,2026-06-08T02:01:16.475880+00:00
1001,2,Graduate,No,9600000.0,29900000.0,12,778,0.0,17600000.0,22700000.0,8000000.0,1,Approved,0.97,2026-06-08T02:01:16.502246+00:00
1001,2,Graduate,No,9600000.0,29900000.0,12,778,2400000.0,0.0,22700000.0,8000000.0,1,Approved,0.975,2026-06-08T02:01:16.516932+00:00
1001,2,Graduate,No,9600000.0,29900000.0,12,778,2400000.0,17600000.0,0.0,8000000.0,0,Rejected,0.28,2026-06-08T02:01:16.532722+00:00
1001,2,Graduate,No,9600000.0,29900000.0,12,778,2400000.0,17600000.0,22700000.0,0.0,1,Approved,0.955,2026-06-08T02:01:16.547874+00:00
1001,2,Graduate,No,9600000.0,29900000.0,12,778,0.0,0.0,0.0,0.0,0,Rejected,0.145,2026-06-08T02:01:16.563774+00:00
1001,2,Graduate,No,9600000.0,29900000.0,12,300,2400000.0,17600000.0,22700000.0,8000000.0,0,Rejected,0.1,2026-06-08T02:01:16.581241+00:00
1001,2,Graduate,No,9600000.0,29900000.0,12,900,2400000.0,17600000.0,22700000.0,8000000.0,1,Approved,0.97,2026-06-08T02:01:16.597161+00:00
1001,2,Graduate,No,9600000.0,29900000.0,12,778,2400000.0,17600000.0,22700000.0,8000000.0,1,Approved,0.97,2026-06-08T02:01:16.612391+00:00
1001,2,Not Graduate,No,9600000.0,29900000.0,12,778,2400000.0,17600000.0,22700000.0,8000000.0,1,Approved,0.975,2026-06-08T02:01:16.628394+00:00
1001,2,Graduate,Yes,9600000.0,29900000.0,12,778,2400000.0,17600000.0,22700000.0,8000000.0,1,Approved,0.97,2026-06-08T02:01:16.643890+00:00
1001,2,Graduate,No,9600000.0,29900000.0,12,778,2400000.0,17600000.0,22700000.0,8000000.0,1,Approved,0.97,2026-06-08T02:01:16.659491+00:00
1001,2,Graduate,No,9600000.0,29900000.0,12,778,2400000.0,17600000.0,22700000.0,8000000.0,1,Approved,0.97,2026-06-08T02:35:47.548171+00:00
1001,2,Graduate,No,9600000.0,29900000.0,12,778,2400000.0,17600000.0,22700000.0,8000000.0,1,Approved,0.97,2026-06-08T02:35:47.562799+00:00
1002,2,Not Graduate,Yes,9600000.0,29900000.0,12,650,2400000.0,17600000.0,22700000.0,8000000.0,1,Approved,0.97,2026-06-08T02:35:47.562799+00:00
1001,2,Graduate,No,9600000.0,29900000.0,12,778,2400000.0,17600000.0,22700000.0,8000000.0,1,Approved,0.97,2026-06-08T02:35:47.587902+00:00
1001,2,Graduate,No,9600000.0,29900000.0,12,778,0.0,17600000.0,22700000.0,8000000.0,1,Approved,0.97,2026-06-08T02:35:47.607771+00:00
1001,2,Graduate,No,9600000.0,29900000.0,12,778,2400000.0,0.0,22700000.0,8000000.0,1,Approved,0.975,2026-06-08T02:35:47.621025+00:00
1001,2,Graduate,No,9600000.0,29900000.0,12,778,2400000.0,17600000.0,0.0,8000000.0,0,Rejected,0.28,2026-06-08T02:35:47.633868+00:00
1001,2,Graduate,No,9600000.0,29900000.0,12,778,2400000.0,17600000.0,22700000.0,0.0,1,Approved,0.955,2026-06-08T02:35:47.646013+00:00
1001,2,Graduate,No,9600000.0,29900000.0,12,778,0.0,0.0,0.0,0.0,0,Rejected,0.145,2026-06-08T02:35:47.658860+00:00
1001,2,Graduate,No,9600000.0,29900000.0,12,300,2400000.0,17600000.0,22700000.0,8000000.0,0,Rejected,0.1,2026-06-08T02:35:47.672592+00:00
1001,2,Graduate,No,9600000.0,29900000.0,12,900,2400000.0,17600000.0,22700000.0,8000000.0,1,Approved,0.97,2026-06-08T02:35:47.685235+00:00
1001,2,Graduate,No,9600000.0,29900000.0,12,778,2400000.0,17600000.0,22700000.0,8000000.0,1,Approved,0.97,2026-06-08T02:35:47.697854+00:00
1001,2,Not Graduate,No,9600000.0,29900000.0,12,778,2400000.0,17600000.0,22700000.0,8000000.0,1,Approved,0.975,2026-06-08T02:35:47.711324+00:00
1001,2,Graduate,Yes,9600000.0,29900000.0,12,778,2400000.0,17600000.0,22700000.0,8000000.0,1,Approved,0.97,2026-06-08T02:35:47.724509+00:00
1001,2,Graduate,No,9600000.0,29900000.0,12,778,2400000.0,17600000.0,22700000.0,8000000.0,1,Approved,0.97,2026-06-08T02:35:47.737008+00:00
,2,Graduate,No,5000000.0,25000000.0,12,778,2400000.0,17600000.0,22700000.0,8000000.0,1,Approved,0.955,2026-06-08T04:03:27.587659+00:00
,2,Graduate,No,9600000.0,10000000.0,12,778,2400000.0,17600000.0,22700000.0,8000000.0,1,Approved,0.915,2026-06-08T04:03:27.616595+00:00
,3,Not Graduate,No,300000.0,5000000.0,12,350,0.0,0.0,0.0,0.0,0,Rejected,0.085,2026-06-08T04:03:27.643569+00:00
,2,Graduate,No,5000000.0,10000000.0,12,778,2400000.0,17600000.0,22700000.0,8000000.0,1,Approved,0.95,2026-06-08T04:03:27.670365+00:00
,2,Graduate,No,1000000.0,6000000.0,12,778,2400000.0,17600000.0,22700000.0,8000000.0,1,Approved,0.93,2026-06-08T04:03:27.698442+00:00
,2,Graduate,No,5000000.0,25000000.0,12,778,2400000.0,17600000.0,22700000.0,8000000.0,1,Approved,0.955,2026-06-08T04:17:49.688379+00:00
,2,Graduate,No,9600000.0,10000000.0,12,778,2400000.0,17600000.0,22700000.0,8000000.0,1,Approved,0.915,2026-06-08T04:17:49.716283+00:00
,3,Not Graduate,No,300000.0,5000000.0,12,350,0.0,0.0,0.0,0.0,0,Rejected,0.085,2026-06-08T04:17:49.742955+00:00
,2,Graduate,No,5000000.0,10000000.0,12,778,2400000.0,17600000.0,22700000.0,8000000.0,1,Approved,0.95,2026-06-08T04:17:49.797233+00:00
,2,Graduate,No,1000000.0,6000000.0,12,778,2400000.0,17600000.0,22700000.0,8000000.0,1,Approved,0.93,2026-06-08T04:17:49.822960+00:00
,2,Graduate,No,5000000.0,25000000.0,12,778,2400000.0,17600000.0,22700000.0,8000000.0,1,Approved,0.955,2026-06-08T04:20:46.504808+00:00
,2,Graduate,No,9600000.0,10000000.0,12,778,2400000.0,17600000.0,22700000.0,8000000.0,1,Approved,0.915,2026-06-08T04:20:46.532006+00:00
,3,Not Graduate,No,300000.0,5000000.0,12,350,0.0,0.0,0.0,0.0,0,Rejected,0.085,2026-06-08T04:20:46.557487+00:00
,2,Graduate,No,5000000.0,10000000.0,12,778,2400000.0,17600000.0,22700000.0,8000000.0,1,Approved,0.95,2026-06-08T04:20:46.583012+00:00
,2,Graduate,No,1000000.0,6000000.0,12,778,2400000.0,17600000.0,22700000.0,8000000.0,1,Approved,0.93,2026-06-08T04:20:46.608863+00:00
1001,2,Graduate,No,9600000.0,29900000.0,12,778,2400000.0,17600000.0,22700000.0,8000000.0,1,Approved,0.97,2026-06-08T15:04:05.094400+00:00
1001,2,Graduate,No,9600000.0,29900000.0,12,778,2400000.0,17600000.0,22700000.0,8000000.0,1,Approved,0.97,2026-06-08T15:04:05.111217+00:00
1002,2,Not Graduate,Yes,9600000.0,29900000.0,12,650,2400000.0,17600000.0,22700000.0,8000000.0,1,Approved,0.97,2026-06-08T15:04:05.111217+00:00
,2,Graduate,No,5000000.0,25000000.0,12,778,2400000.0,17600000.0,22700000.0,8000000.0,1,Approved,0.955,2026-06-08T15:04:05.601523+00:00
,2,Graduate,No,9600000.0,10000000.0,12,778,2400000.0,17600000.0,22700000.0,8000000.0,1,Approved,0.915,2026-06-08T15:04:05.636248+00:00
,3,Not Graduate,No,300000.0,5000000.0,12,350,0.0,0.0,0.0,0.0,0,Rejected,0.085,2026-06-08T15:04:05.664847+00:00
,2,Graduate,No,5000000.0,10000000.0,12,778,2400000.0,17600000.0,22700000.0,8000000.0,1,Approved,0.95,2026-06-08T15:04:05.691191+00:00
,2,Graduate,No,1000000.0,6000000.0,12,778,2400000.0,17600000.0,22700000.0,8000000.0,1,Approved,0.93,2026-06-08T15:04:05.716984+00:00
1001,2,Graduate,No,9600000.0,29900000.0,12,778,2400000.0,17600000.0,22700000.0,8000000.0,1,Approved,0.97,2026-06-08T15:04:06.126872+00:00
1001,2,Graduate,No,9600000.0,29900000.0,12,778,0.0,17600000.0,22700000.0,8000000.0,1,Approved,0.97,2026-06-08T15:04:06.148166+00:00
1001,2,Graduate,No,9600000.0,29900000.0,12,778,2400000.0,0.0,22700000.0,8000000.0,1,Approved,0.975,2026-06-08T15:04:06.160822+00:00
1001,2,Graduate,No,9600000.0,29900000.0,12,778,2400000.0,17600000.0,0.0,8000000.0,0,Rejected,0.28,2026-06-08T15:04:06.173045+00:00
1001,2,Graduate,No,9600000.0,29900000.0,12,778,2400000.0,17600000.0,22700000.0,0.0,1,Approved,0.955,2026-06-08T15:04:06.185603+00:00
1001,2,Graduate,No,9600000.0,29900000.0,12,778,0.0,0.0,0.0,0.0,0,Rejected,0.145,2026-06-08T15:04:06.199713+00:00
1001,2,Graduate,No,9600000.0,29900000.0,12,300,2400000.0,17600000.0,22700000.0,8000000.0,0,Rejected,0.1,2026-06-08T15:04:06.214184+00:00
1001,2,Graduate,No,9600000.0,29900000.0,12,900,2400000.0,17600000.0,22700000.0,8000000.0,1,Approved,0.97,2026-06-08T15:04:06.227576+00:00
1001,2,Graduate,No,9600000.0,29900000.0,12,778,2400000.0,17600000.0,22700000.0,8000000.0,1,Approved,0.97,2026-06-08T15:04:06.241050+00:00
1001,2,Not Graduate,No,9600000.0,29900000.0,12,778,2400000.0,17600000.0,22700000.0,8000000.0,1,Approved,0.975,2026-06-08T15:04:06.254456+00:00
1001,2,Graduate,Yes,9600000.0,29900000.0,12,778,2400000.0,17600000.0,22700000.0,8000000.0,1,Approved,0.97,2026-06-08T15:04:06.268367+00:00
1001,2,Graduate,No,9600000.0,29900000.0,12,778,2400000.0,17600000.0,22700000.0,8000000.0,1,Approved,0.97,2026-06-08T15:04:06.281998+00:00
1001,2,Graduate,No,9600000.0,29900000.0,12,778,2400000.0,17600000.0,22700000.0,8000000.0,1,Approved,0.97,2026-06-08T15:19:18.961068+00:00
1001,2,Graduate,No,9600000.0,29900000.0,12,778,2400000.0,17600000.0,22700000.0,8000000.0,1,Approved,0.97,2026-06-08T15:19:18.976724+00:00
1002,2,Not Graduate,Yes,9600000.0,29900000.0,12,650,2400000.0,17600000.0,22700000.0,8000000.0,1,Approved,0.97,2026-06-08T15:19:18.976724+00:00
,2,Graduate,No,5000000.0,25000000.0,12,778,2400000.0,17600000.0,22700000.0,8000000.0,1,Approved,0.955,2026-06-08T15:19:20.511726+00:00
,2,Graduate,No,9600000.0,10000000.0,12,778,2400000.0,17600000.0,22700000.0,8000000.0,1,Approved,0.915,2026-06-08T15:19:20.538852+00:00
,3,Not Graduate,No,300000.0,5000000.0,12,350,0.0,0.0,0.0,0.0,0,Rejected,0.085,2026-06-08T15:19:20.565583+00:00
,2,Graduate,No,5000000.0,10000000.0,12,778,2400000.0,17600000.0,22700000.0,8000000.0,1,Approved,0.95,2026-06-08T15:19:20.592191+00:00
,2,Graduate,No,1000000.0,6000000.0,12,778,2400000.0,17600000.0,22700000.0,8000000.0,1,Approved,0.93,2026-06-08T15:19:20.620237+00:00
1001,2,Graduate,No,9600000.0,29900000.0,12,778,2400000.0,17600000.0,22700000.0,8000000.0,1,Approved,0.97,2026-06-08T15:19:20.999885+00:00
1001,2,Graduate,No,9600000.0,29900000.0,12,778,0.0,17600000.0,22700000.0,8000000.0,1,Approved,0.97,2026-06-08T15:19:21.021556+00:00
1001,2,Graduate,No,9600000.0,29900000.0,12,778,2400000.0,0.0,22700000.0,8000000.0,1,Approved,0.975,2026-06-08T15:19:21.033362+00:00
1001,2,Graduate,No,9600000.0,29900000.0,12,778,2400000.0,17600000.0,0.0,8000000.0,0,Rejected,0.28,2026-06-08T15:19:21.045926+00:00
1001,2,Graduate,No,9600000.0,29900000.0,12,778,2400000.0,17600000.0,22700000.0,0.0,1,Approved,0.955,2026-06-08T15:19:21.058497+00:00
1001,2,Graduate,No,9600000.0,29900000.0,12,778,0.0,0.0,0.0,0.0,0,Rejected,0.145,2026-06-08T15:19:21.071647+00:00
1001,2,Graduate,No,9600000.0,29900000.0,12,300,2400000.0,17600000.0,22700000.0,8000000.0,0,Rejected,0.1,2026-06-08T15:19:21.086507+00:00
1001,2,Graduate,No,9600000.0,29900000.0,12,900,2400000.0,17600000.0,22700000.0,8000000.0,1,Approved,0.97,2026-06-08T15:19:21.100278+00:00
1001,2,Graduate,No,9600000.0,29900000.0,12,778,2400000.0,17600000.0,22700000.0,8000000.0,1,Approved,0.97,2026-06-08T15:19:21.114064+00:00
1001,2,Not Graduate,No,9600000.0,29900000.0,12,778,2400000.0,17600000.0,22700000.0,8000000.0,1,Approved,0.975,2026-06-08T15:19:21.128570+00:00
1001,2,Graduate,Yes,9600000.0,29900000.0,12,778,2400000.0,17600000.0,22700000.0,8000000.0,1,Approved,0.97,2026-06-08T15:19:21.142195+00:00
1001,2,Graduate,No,9600000.0,29900000.0,12,778,2400000.0,17600000.0,22700000.0,8000000.0,1,Approved,0.97,2026-06-08T15:19:21.156560+00:00
1001,2,Graduate,No,9600000.0,29900000.0,12,778,2400000.0,17600000.0,22700000.0,8000000.0,1,Approved,0.97,2026-06-08T15:25:42.601555+00:00
1001,2,Graduate,No,9600000.0,29900000.0,12,778,2400000.0,17600000.0,22700000.0,8000000.0,1,Approved,0.97,2026-06-08T15:25:42.616353+00:00
1002,2,Not Graduate,Yes,9600000.0,29900000.0,12,650,2400000.0,17600000.0,22700000.0,8000000.0,1,Approved,0.97,2026-06-08T15:25:42.616353+00:00
,2,Graduate,No,5000000.0,25000000.0,12,778,2400000.0,17600000.0,22700000.0,8000000.0,1,Approved,0.955,2026-06-08T15:25:44.136876+00:00
,2,Graduate,No,9600000.0,10000000.0,12,778,2400000.0,17600000.0,22700000.0,8000000.0,1,Approved,0.915,2026-06-08T15:25:44.162503+00:00
,3,Not Graduate,No,300000.0,5000000.0,12,350,0.0,0.0,0.0,0.0,0,Rejected,0.085,2026-06-08T15:25:44.188786+00:00
,2,Graduate,No,5000000.0,10000000.0,12,778,2400000.0,17600000.0,22700000.0,8000000.0,1,Approved,0.95,2026-06-08T15:25:44.215724+00:00
,2,Graduate,No,1000000.0,6000000.0,12,778,2400000.0,17600000.0,22700000.0,8000000.0,1,Approved,0.93,2026-06-08T15:25:44.242329+00:00
1001,2,Graduate,No,9600000.0,29900000.0,12,778,2400000.0,17600000.0,22700000.0,8000000.0,1,Approved,0.97,2026-06-08T15:25:44.627652+00:00
1001,2,Graduate,No,9600000.0,29900000.0,12,778,0.0,17600000.0,22700000.0,8000000.0,1,Approved,0.97,2026-06-08T15:25:44.648983+00:00
1001,2,Graduate,No,9600000.0,29900000.0,12,778,2400000.0,0.0,22700000.0,8000000.0,1,Approved,0.975,2026-06-08T15:25:44.662132+00:00
1001,2,Graduate,No,9600000.0,29900000.0,12,778,2400000.0,17600000.0,0.0,8000000.0,0,Rejected,0.28,2026-06-08T15:25:44.675055+00:00
1001,2,Graduate,No,9600000.0,29900000.0,12,778,2400000.0,17600000.0,22700000.0,0.0,1,Approved,0.955,2026-06-08T15:25:44.688380+00:00
1001,2,Graduate,No,9600000.0,29900000.0,12,778,0.0,0.0,0.0,0.0,0,Rejected,0.145,2026-06-08T15:25:44.701929+00:00
1001,2,Graduate,No,9600000.0,29900000.0,12,300,2400000.0,17600000.0,22700000.0,8000000.0,0,Rejected,0.1,2026-06-08T15:25:44.716586+00:00
1001,2,Graduate,No,9600000.0,29900000.0,12,900,2400000.0,17600000.0,22700000.0,8000000.0,1,Approved,0.97,2026-06-08T15:25:44.730091+00:00
1001,2,Graduate,No,9600000.0,29900000.0,12,778,2400000.0,17600000.0,22700000.0,8000000.0,1,Approved,0.97,2026-06-08T15:25:44.744039+00:00
1001,2,Not Graduate,No,9600000.0,29900000.0,12,778,2400000.0,17600000.0,22700000.0,8000000.0,1,Approved,0.975,2026-06-08T15:25:44.756906+00:00
1001,2,Graduate,Yes,9600000.0,29900000.0,12,778,2400000.0,17600000.0,22700000.0,8000000.0,1,Approved,0.97,2026-06-08T15:25:44.769917+00:00
1001,2,Graduate,No,9600000.0,29900000.0,12,778,2400000.0,17600000.0,22700000.0,8000000.0,1,Approved,0.97,2026-06-08T15:25:44.782968+00:00
1001,2,Graduate,No,9600000.0,29900000.0,12,778,2400000.0,17600000.0,22700000.0,8000000.0,1,Approved,0.97,2026-06-08T15:26:15.427030+00:00
1001,2,Graduate,No,9600000.0,29900000.0,12,778,2400000.0,17600000.0,22700000.0,8000000.0,1,Approved,0.97,2026-06-08T15:26:15.447868+00:00
1002,2,Not Graduate,Yes,9600000.0,29900000.0,12,650,2400000.0,17600000.0,22700000.0,8000000.0,1,Approved,0.97,2026-06-08T15:26:15.447868+00:00
,2,Graduate,No,5000000.0,25000000.0,12,778,2400000.0,17600000.0,22700000.0,8000000.0,1,Approved,0.955,2026-06-08T15:26:17.021698+00:00
,2,Graduate,No,9600000.0,10000000.0,12,778,2400000.0,17600000.0,22700000.0,8000000.0,1,Approved,0.915,2026-06-08T15:26:17.048254+00:00
,3,Not Graduate,No,300000.0,5000000.0,12,350,0.0,0.0,0.0,0.0,0,Rejected,0.085,2026-06-08T15:26:17.074374+00:00
,2,Graduate,No,5000000.0,10000000.0,12,778,2400000.0,17600000.0,22700000.0,8000000.0,1,Approved,0.95,2026-06-08T15:26:17.101476+00:00
,2,Graduate,No,1000000.0,6000000.0,12,778,2400000.0,17600000.0,22700000.0,8000000.0,1,Approved,0.93,2026-06-08T15:26:17.128673+00:00
1001,2,Graduate,No,9600000.0,29900000.0,12,778,2400000.0,17600000.0,22700000.0,8000000.0,1,Approved,0.97,2026-06-08T15:26:19.562476+00:00
1001,2,Graduate,No,9600000.0,29900000.0,12,778,0.0,17600000.0,22700000.0,8000000.0,1,Approved,0.97,2026-06-08T15:26:19.593864+00:00
1001,2,Graduate,No,9600000.0,29900000.0,12,778,2400000.0,0.0,22700000.0,8000000.0,1,Approved,0.975,2026-06-08T15:26:19.607862+00:00
1001,2,Graduate,No,9600000.0,29900000.0,12,778,2400000.0,17600000.0,0.0,8000000.0,0,Rejected,0.28,2026-06-08T15:26:19.622451+00:00
1001,2,Graduate,No,9600000.0,29900000.0,12,778,2400000.0,17600000.0,22700000.0,0.0,1,Approved,0.955,2026-06-08T15:26:19.637588+00:00
1001,2,Graduate,No,9600000.0,29900000.0,12,778,0.0,0.0,0.0,0.0,0,Rejected,0.145,2026-06-08T15:26:19.653606+00:00
1001,2,Graduate,No,9600000.0,29900000.0,12,300,2400000.0,17600000.0,22700000.0,8000000.0,0,Rejected,0.1,2026-06-08T15:26:19.671715+00:00
1001,2,Graduate,No,9600000.0,29900000.0,12,900,2400000.0,17600000.0,22700000.0,8000000.0,1,Approved,0.97,2026-06-08T15:26:19.688133+00:00
1001,2,Graduate,No,9600000.0,29900000.0,12,778,2400000.0,17600000.0,22700000.0,8000000.0,1,Approved,0.97,2026-06-08T15:26:19.707429+00:00
1001,2,Not Graduate,No,9600000.0,29900000.0,12,778,2400000.0,17600000.0,22700000.0,8000000.0,1,Approved,0.975,2026-06-08T15:26:19.723849+00:00
1001,2,Graduate,Yes,9600000.0,29900000.0,12,778,2400000.0,17600000.0,22700000.0,8000000.0,1,Approved,0.97,2026-06-08T15:26:19.739620+00:00
1001,2,Graduate,No,9600000.0,29900000.0,12,778,2400000.0,17600000.0,22700000.0,8000000.0,1,Approved,0.97,2026-06-08T15:26:19.755505+00:00
1001,2,Graduate,No,9600000.0,29900000.0,12,778,2400000.0,17600000.0,22700000.0,8000000.0,1,Approved,0.97,2026-06-08T15:26:19.856984+00:00
1001,2,Graduate,No,9600000.0,29900000.0,12,778,2400000.0,17600000.0,22700000.0,8000000.0,1,Approved,0.97,2026-06-08T15:35:18.032034+00:00
1001,2,Graduate,No,9600000.0,29900000.0,12,778,2400000.0,17600000.0,22700000.0,8000000.0,1,Approved,0.97,2026-06-08T15:35:18.048061+00:00
1002,2,Not Graduate,Yes,9600000.0,29900000.0,12,650,2400000.0,17600000.0,22700000.0,8000000.0,1,Approved,0.97,2026-06-08T15:35:18.048061+00:00
,2,Graduate,No,5000000.0,25000000.0,12,778,2400000.0,17600000.0,22700000.0,8000000.0,1,Approved,0.955,2026-06-08T15:35:19.605941+00:00
,2,Graduate,No,9600000.0,10000000.0,12,778,2400000.0,17600000.0,22700000.0,8000000.0,1,Approved,0.915,2026-06-08T15:35:19.632664+00:00
,3,Not Graduate,No,300000.0,5000000.0,12,350,0.0,0.0,0.0,0.0,0,Rejected,0.085,2026-06-08T15:35:19.660524+00:00
,2,Graduate,No,5000000.0,10000000.0,12,778,2400000.0,17600000.0,22700000.0,8000000.0,1,Approved,0.95,2026-06-08T15:35:19.687927+00:00
,2,Graduate,No,1000000.0,6000000.0,12,778,2400000.0,17600000.0,22700000.0,8000000.0,1,Approved,0.93,2026-06-08T15:35:19.715019+00:00
1001,2,Graduate,No,9600000.0,29900000.0,12,778,2400000.0,17600000.0,22700000.0,8000000.0,1,Approved,0.97,2026-06-08T15:35:20.157582+00:00
1001,2,Graduate,No,9600000.0,29900000.0,12,778,0.0,17600000.0,22700000.0,8000000.0,1,Approved,0.97,2026-06-08T15:35:20.179559+00:00
1001,2,Graduate,No,9600000.0,29900000.0,12,778,2400000.0,0.0,22700000.0,8000000.0,1,Approved,0.975,2026-06-08T15:35:20.191629+00:00
1001,2,Graduate,No,9600000.0,29900000.0,12,778,2400000.0,17600000.0,0.0,8000000.0,0,Rejected,0.28,2026-06-08T15:35:20.204408+00:00
1001,2,Graduate,No,9600000.0,29900000.0,12,778,2400000.0,17600000.0,22700000.0,0.0,1,Approved,0.955,2026-06-08T15:35:20.217334+00:00
1001,2,Graduate,No,9600000.0,29900000.0,12,778,0.0,0.0,0.0,0.0,0,Rejected,0.145,2026-06-08T15:35:20.229998+00:00
1001,2,Graduate,No,9600000.0,29900000.0,12,300,2400000.0,17600000.0,22700000.0,8000000.0,0,Rejected,0.1,2026-06-08T15:35:20.243942+00:00
1001,2,Graduate,No,9600000.0,29900000.0,12,900,2400000.0,17600000.0,22700000.0,8000000.0,1,Approved,0.97,2026-06-08T15:35:20.256749+00:00
1001,2,Graduate,No,9600000.0,29900000.0,12,778,2400000.0,17600000.0,22700000.0,8000000.0,1,Approved,0.97,2026-06-08T15:35:20.270834+00:00
1001,2,Not Graduate,No,9600000.0,29900000.0,12,778,2400000.0,17600000.0,22700000.0,8000000.0,1,Approved,0.975,2026-06-08T15:35:20.284834+00:00
1001,2,Graduate,Yes,9600000.0,29900000.0,12,778,2400000.0,17600000.0,22700000.0,8000000.0,1,Approved,0.97,2026-06-08T15:35:20.298635+00:00
1001,2,Graduate,No,9600000.0,29900000.0,12,778,2400000.0,17600000.0,22700000.0,8000000.0,1,Approved,0.97,2026-06-08T15:35:20.312286+00:00
1001,2,Graduate,No,9600000.0,29900000.0,12,778,2400000.0,17600000.0,22700000.0,8000000.0,1,Approved,0.97,2026-06-08T15:39:35.708127+00:00
1001,2,Graduate,No,9600000.0,29900000.0,12,778,2400000.0,17600000.0,22700000.0,8000000.0,1,Approved,0.97,2026-06-08T15:39:35.723635+00:00
1002,2,Not Graduate,Yes,9600000.0,29900000.0,12,650,2400000.0,17600000.0,22700000.0,8000000.0,1,Approved,0.97,2026-06-08T15:39:35.723635+00:00
,2,Graduate,No,5000000.0,25000000.0,12,778,2400000.0,17600000.0,22700000.0,8000000.0,1,Approved,0.955,2026-06-08T15:39:37.303868+00:00
,2,Graduate,No,9600000.0,10000000.0,12,778,2400000.0,17600000.0,22700000.0,8000000.0,1,Approved,0.915,2026-06-08T15:39:37.333029+00:00
,3,Not Graduate,No,300000.0,5000000.0,12,350,0.0,0.0,0.0,0.0,0,Rejected,0.085,2026-06-08T15:39:37.361871+00:00
,2,Graduate,No,5000000.0,10000000.0,12,778,2400000.0,17600000.0,22700000.0,8000000.0,1,Approved,0.95,2026-06-08T15:39:37.390278+00:00
,2,Graduate,No,1000000.0,6000000.0,12,778,2400000.0,17600000.0,22700000.0,8000000.0,1,Approved,0.93,2026-06-08T15:39:37.416335+00:00
1001,2,Graduate,No,9600000.0,29900000.0,12,778,2400000.0,17600000.0,22700000.0,8000000.0,1,Approved,0.97,2026-06-08T15:39:37.820656+00:00
1001,2,Graduate,No,9600000.0,29900000.0,12,778,0.0,17600000.0,22700000.0,8000000.0,1,Approved,0.97,2026-06-08T15:39:37.841088+00:00
1001,2,Graduate,No,9600000.0,29900000.0,12,778,2400000.0,0.0,22700000.0,8000000.0,1,Approved,0.975,2026-06-08T15:39:37.854478+00:00
1001,2,Graduate,No,9600000.0,29900000.0,12,778,2400000.0,17600000.0,0.0,8000000.0,0,Rejected,0.28,2026-06-08T15:39:37.866186+00:00
1001,2,Graduate,No,9600000.0,29900000.0,12,778,2400000.0,17600000.0,22700000.0,0.0,1,Approved,0.955,2026-06-08T15:39:37.878554+00:00
1001,2,Graduate,No,9600000.0,29900000.0,12,778,0.0,0.0,0.0,0.0,0,Rejected,0.145,2026-06-08T15:39:37.891296+00:00
1001,2,Graduate,No,9600000.0,29900000.0,12,300,2400000.0,17600000.0,22700000.0,8000000.0,0,Rejected,0.1,2026-06-08T15:39:37.906088+00:00
1001,2,Graduate,No,9600000.0,29900000.0,12,900,2400000.0,17600000.0,22700000.0,8000000.0,1,Approved,0.97,2026-06-08T15:39:37.920353+00:00
1001,2,Graduate,No,9600000.0,29900000.0,12,778,2400000.0,17600000.0,22700000.0,8000000.0,1,Approved,0.97,2026-06-08T15:39:37.935744+00:00
1001,2,Not Graduate,No,9600000.0,29900000.0,12,778,2400000.0,17600000.0,22700000.0,8000000.0,1,Approved,0.975,2026-06-08T15:39:37.949623+00:00
1001,2,Graduate,Yes,9600000.0,29900000.0,12,778,2400000.0,17600000.0,22700000.0,8000000.0,1,Approved,0.97,2026-06-08T15:39:37.964450+00:00
1001,2,Graduate,No,9600000.0,29900000.0,12,778,2400000.0,17600000.0,22700000.0,8000000.0,1,Approved,0.97,2026-06-08T15:39:37.978058+00:00
1001,2,Graduate,No,9600000.0,29900000.0,12,778,2400000.0,17600000.0,22700000.0,8000000.0,1,Approved,0.97,2026-06-08T15:43:47.041122+00:00
1001,2,Graduate,No,9600000.0,29900000.0,12,778,2400000.0,17600000.0,22700000.0,8000000.0,1,Approved,0.97,2026-06-08T15:43:47.055806+00:00
1002,2,Not Graduate,Yes,9600000.0,29900000.0,12,650,2400000.0,17600000.0,22700000.0,8000000.0,1,Approved,0.97,2026-06-08T15:43:47.055806+00:00
,2,Graduate,No,5000000.0,25000000.0,12,778,2400000.0,17600000.0,22700000.0,8000000.0,1,Approved,0.955,2026-06-08T15:43:48.505879+00:00
,2,Graduate,No,9600000.0,10000000.0,12,778,2400000.0,17600000.0,22700000.0,8000000.0,1,Approved,0.915,2026-06-08T15:43:48.531165+00:00
,3,Not Graduate,No,300000.0,5000000.0,12,350,0.0,0.0,0.0,0.0,0,Rejected,0.085,2026-06-08T15:43:48.556593+00:00
,2,Graduate,No,5000000.0,10000000.0,12,778,2400000.0,17600000.0,22700000.0,8000000.0,1,Approved,0.95,2026-06-08T15:43:48.582138+00:00
,2,Graduate,No,1000000.0,6000000.0,12,778,2400000.0,17600000.0,22700000.0,8000000.0,1,Approved,0.93,2026-06-08T15:43:48.607713+00:00
1001,2,Graduate,No,9600000.0,29900000.0,12,778,2400000.0,17600000.0,22700000.0,8000000.0,1,Approved,0.97,2026-06-08T15:43:49.002491+00:00
1001,2,Graduate,No,9600000.0,29900000.0,12,778,0.0,17600000.0,22700000.0,8000000.0,1,Approved,0.97,2026-06-08T15:43:49.022134+00:00
1001,2,Graduate,No,9600000.0,29900000.0,12,778,2400000.0,0.0,22700000.0,8000000.0,1,Approved,0.975,2026-06-08T15:43:49.034446+00:00
1001,2,Graduate,No,9600000.0,29900000.0,12,778,2400000.0,17600000.0,0.0,8000000.0,0,Rejected,0.28,2026-06-08T15:43:49.046258+00:00
1001,2,Graduate,No,9600000.0,29900000.0,12,778,2400000.0,17600000.0,22700000.0,0.0,1,Approved,0.955,2026-06-08T15:43:49.058426+00:00
1001,2,Graduate,No,9600000.0,29900000.0,12,778,0.0,0.0,0.0,0.0,0,Rejected,0.145,2026-06-08T15:43:49.070940+00:00
1001,2,Graduate,No,9600000.0,29900000.0,12,300,2400000.0,17600000.0,22700000.0,8000000.0,0,Rejected,0.1,2026-06-08T15:43:49.084940+00:00
1001,2,Graduate,No,9600000.0,29900000.0,12,900,2400000.0,17600000.0,22700000.0,8000000.0,1,Approved,0.97,2026-06-08T15:43:49.097815+00:00
1001,2,Graduate,No,9600000.0,29900000.0,12,778,2400000.0,17600000.0,22700000.0,8000000.0,1,Approved,0.97,2026-06-08T15:43:49.110874+00:00
1001,2,Not Graduate,No,9600000.0,29900000.0,12,778,2400000.0,17600000.0,22700000.0,8000000.0,1,Approved,0.975,2026-06-08T15:43:49.124004+00:00
1001,2,Graduate,Yes,9600000.0,29900000.0,12,778,2400000.0,17600000.0,22700000.0,8000000.0,1,Approved,0.97,2026-06-08T15:43:49.137174+00:00
1001,2,Graduate,No,9600000.0,29900000.0,12,778,2400000.0,17600000.0,22700000.0,8000000.0,1,Approved,0.97,2026-06-08T15:43:49.150171+00:00
1001,2,Graduate,No,9600000.0,29900000.0,12,778,2400000.0,17600000.0,22700000.0,8000000.0,1,Approved,0.97,2026-06-08T17:09:53.130525+00:00
1001,2,Graduate,No,9600000.0,29900000.0,12,778,2400000.0,17600000.0,22700000.0,8000000.0,1,Approved,0.97,2026-06-08T17:09:53.211388+00:00
1002,2,Not Graduate,Yes,9600000.0,29900000.0,12,650,2400000.0,17600000.0,22700000.0,8000000.0,1,Approved,0.97,2026-06-08T17:09:53.211388+00:00
,2,Graduate,No,5000000.0,25000000.0,12,778,2400000.0,17600000.0,22700000.0,8000000.0,1,Approved,0.955,2026-06-08T17:09:57.108656+00:00
,2,Graduate,No,9600000.0,10000000.0,12,778,2400000.0,17600000.0,22700000.0,8000000.0,1,Approved,0.915,2026-06-08T17:09:57.203921+00:00
,3,Not Graduate,No,300000.0,5000000.0,12,350,0.0,0.0,0.0,0.0,0,Rejected,0.085,2026-06-08T17:09:57.286023+00:00
,2,Graduate,No,5000000.0,10000000.0,12,778,2400000.0,17600000.0,22700000.0,8000000.0,1,Approved,0.95,2026-06-08T17:09:57.369178+00:00
,2,Graduate,No,1000000.0,6000000.0,12,778,2400000.0,17600000.0,22700000.0,8000000.0,1,Approved,0.93,2026-06-08T17:09:57.463421+00:00
1001,2,Graduate,No,9600000.0,29900000.0,12,778,2400000.0,17600000.0,22700000.0,8000000.0,1,Approved,0.97,2026-06-08T17:10:03.486978+00:00
1001,2,Graduate,No,9600000.0,29900000.0,12,778,0.0,17600000.0,22700000.0,8000000.0,1,Approved,0.97,2026-06-08T17:10:03.602838+00:00
1001,2,Graduate,No,9600000.0,29900000.0,12,778,2400000.0,0.0,22700000.0,8000000.0,1,Approved,0.975,2026-06-08T17:10:03.676674+00:00
1001,2,Graduate,No,9600000.0,29900000.0,12,778,2400000.0,17600000.0,0.0,8000000.0,0,Rejected,0.28,2026-06-08T17:10:03.749489+00:00
1001,2,Graduate,No,9600000.0,29900000.0,12,778,2400000.0,17600000.0,22700000.0,0.0,1,Approved,0.955,2026-06-08T17:10:03.830597+00:00
1001,2,Graduate,No,9600000.0,29900000.0,12,778,0.0,0.0,0.0,0.0,0,Rejected,0.145,2026-06-08T17:10:03.905418+00:00
1001,2,Graduate,No,9600000.0,29900000.0,12,300,2400000.0,17600000.0,22700000.0,8000000.0,0,Rejected,0.1,2026-06-08T17:10:04.001516+00:00
1001,2,Graduate,No,9600000.0,29900000.0,12,900,2400000.0,17600000.0,22700000.0,8000000.0,1,Approved,0.97,2026-06-08T17:10:04.070614+00:00
1001,2,Graduate,No,9600000.0,29900000.0,12,778,2400000.0,17600000.0,22700000.0,8000000.0,1,Approved,0.97,2026-06-08T17:10:04.139658+00:00
1001,2,Not Graduate,No,9600000.0,29900000.0,12,778,2400000.0,17600000.0,22700000.0,8000000.0,1,Approved,0.975,2026-06-08T17:10:04.211207+00:00
1001,2,Graduate,Yes,9600000.0,29900000.0,12,778,2400000.0,17600000.0,22700000.0,8000000.0,1,Approved,0.97,2026-06-08T17:10:04.280480+00:00
1001,2,Graduate,No,9600000.0,29900000.0,12,778,2400000.0,17600000.0,22700000.0,8000000.0,1,Approved,0.97,2026-06-08T17:10:04.352835+00:00
1001,2,Graduate,No,9600000.0,29900000.0,12,778,2400000.0,17600000.0,22700000.0,8000000.0,1,Approved,0.97,2026-06-08T17:10:04.674984+00:00
1001,2,Graduate,No,9600000.0,29900000.0,12,778,2400000.0,17600000.0,22700000.0,8000000.0,1,Approved,0.97,2026-06-08T17:11:37.749607+00:00
1001,2,Graduate,No,9600000.0,29900000.0,12,778,2400000.0,17600000.0,22700000.0,8000000.0,1,Approved,0.97,2026-06-08T17:11:37.835360+00:00
1002,2,Not Graduate,Yes,9600000.0,29900000.0,12,650,2400000.0,17600000.0,22700000.0,8000000.0,1,Approved,0.97,2026-06-08T17:11:37.835360+00:00
,2,Graduate,No,5000000.0,25000000.0,12,778,2400000.0,17600000.0,22700000.0,8000000.0,1,Approved,0.955,2026-06-08T17:11:42.209287+00:00
,2,Graduate,No,9600000.0,10000000.0,12,778,2400000.0,17600000.0,22700000.0,8000000.0,1,Approved,0.915,2026-06-08T17:11:42.306772+00:00
,3,Not Graduate,No,300000.0,5000000.0,12,350,0.0,0.0,0.0,0.0,0,Rejected,0.085,2026-06-08T17:11:42.400270+00:00
,2,Graduate,No,5000000.0,10000000.0,12,778,2400000.0,17600000.0,22700000.0,8000000.0,1,Approved,0.95,2026-06-08T17:11:42.483585+00:00
,2,Graduate,No,1000000.0,6000000.0,12,778,2400000.0,17600000.0,22700000.0,8000000.0,1,Approved,0.93,2026-06-08T17:11:42.575454+00:00
1001,2,Graduate,No,9600000.0,29900000.0,12,778,2400000.0,17600000.0,22700000.0,8000000.0,1,Approved,0.97,2026-06-08T17:11:48.115189+00:00
1001,2,Graduate,No,9600000.0,29900000.0,12,778,0.0,17600000.0,22700000.0,8000000.0,1,Approved,0.97,2026-06-08T17:11:48.219760+00:00
1001,2,Graduate,No,9600000.0,29900000.0,12,778,2400000.0,0.0,22700000.0,8000000.0,1,Approved,0.975,2026-06-08T17:11:48.282688+00:00
1001,2,Graduate,No,9600000.0,29900000.0,12,778,2400000.0,17600000.0,0.0,8000000.0,0,Rejected,0.28,2026-06-08T17:11:48.335303+00:00
1001,2,Graduate,No,9600000.0,29900000.0,12,778,2400000.0,17600000.0,22700000.0,0.0,1,Approved,0.955,2026-06-08T17:11:48.382463+00:00
1001,2,Graduate,No,9600000.0,29900000.0,12,778,0.0,0.0,0.0,0.0,0,Rejected,0.145,2026-06-08T17:11:48.434694+00:00
1001,2,Graduate,No,9600000.0,29900000.0,12,300,2400000.0,17600000.0,22700000.0,8000000.0,0,Rejected,0.1,2026-06-08T17:11:48.502708+00:00
1001,2,Graduate,No,9600000.0,29900000.0,12,900,2400000.0,17600000.0,22700000.0,8000000.0,1,Approved,0.97,2026-06-08T17:11:48.578441+00:00
1001,2,Graduate,No,9600000.0,29900000.0,12,778,2400000.0,17600000.0,22700000.0,8000000.0,1,Approved,0.97,2026-06-08T17:11:48.641457+00:00
1001,2,Not Graduate,No,9600000.0,29900000.0,12,778,2400000.0,17600000.0,22700000.0,8000000.0,1,Approved,0.975,2026-06-08T17:11:48.723354+00:00
1001,2,Graduate,Yes,9600000.0,29900000.0,12,778,2400000.0,17600000.0,22700000.0,8000000.0,1,Approved,0.97,2026-06-08T17:11:48.781645+00:00
1001,2,Graduate,No,9600000.0,29900000.0,12,778,2400000.0,17600000.0,22700000.0,8000000.0,1,Approved,0.97,2026-06-08T17:11:48.846437+00:00
1001,2,Graduate,No,9600000.0,29900000.0,12,778,2400000.0,17600000.0,22700000.0,8000000.0,1,Approved,0.97,2026-06-08T17:11:49.123802+00:00
1001,2,Graduate,No,9600000.0,29900000.0,12,778,2400000.0,17600000.0,22700000.0,8000000.0,1,Approved,0.97,2026-06-08T20:36:36.574822+00:00
1001,2,Graduate,No,9600000.0,29900000.0,12,778,2400000.0,17600000.0,22700000.0,8000000.0,1,Approved,0.97,2026-06-08T20:36:36.635711+00:00
1002,2,Not Graduate,Yes,9600000.0,29900000.0,12,650,2400000.0,17600000.0,22700000.0,8000000.0,1,Approved,0.97,2026-06-08T20:36:36.635711+00:00
1001,2,Graduate,No,9600000.0,29900000.0,12,778,2400000.0,17600000.0,22700000.0,8000000.0,1,Approved,0.97,2026-06-08T20:37:19.670761+00:00
1001,2,Graduate,No,9600000.0,29900000.0,12,778,2400000.0,17600000.0,22700000.0,8000000.0,1,Approved,0.97,2026-06-08T20:37:19.726987+00:00
1002,2,Not Graduate,Yes,9600000.0,29900000.0,12,650,2400000.0,17600000.0,22700000.0,8000000.0,1,Approved,0.97,2026-06-08T20:37:19.726987+00:00
1001,2,Graduate,No,9600000.0,29900000.0,12,778,2400000.0,17600000.0,22700000.0,8000000.0,1,Approved,0.97,2026-06-08T20:37:19.783039+00:00
1001,2,Graduate,No,9600000.0,29900000.0,12,300,2400000.0,17600000.0,22700000.0,8000000.0,0,Rejected,0.1,2026-06-08T20:38:03.772399+00:00
1001,2,Graduate,No,9600000.0,29900000.0,12,900,2400000.0,17600000.0,22700000.0,8000000.0,1,Approved,0.97,2026-06-08T20:38:03.826668+00:00
1001,2,Graduate,No,9600000.0,29900000.0,12,778,2400000.0,17600000.0,22700000.0,8000000.0,1,Approved,0.97,2026-06-08T20:38:03.879159+00:00
1001,2,Not Graduate,No,9600000.0,29900000.0,12,778,2400000.0,17600000.0,22700000.0,8000000.0,1,Approved,0.975,2026-06-08T20:38:03.935963+00:00
1001,2,Graduate,Yes,9600000.0,29900000.0,12,778,2400000.0,17600000.0,22700000.0,8000000.0,1,Approved,0.97,2026-06-08T20:38:03.991353+00:00
1001,2,Graduate,No,9600000.0,29900000.0,12,778,2400000.0,17600000.0,22700000.0,8000000.0,1,Approved,0.97,2026-06-08T20:38:04.048513+00:00
1001,2,Graduate,No,9600000.0,29900000.0,12,778,2400000.0,17600000.0,22700000.0,8000000.0,1,Approved,0.97,2026-06-08T20:38:22.334079+00:00
1001,2,Graduate,No,9600000.0,29900000.0,12,778,2400000.0,17600000.0,22700000.0,8000000.0,1,Approved,0.97,2026-06-08T20:38:22.400922+00:00
1002,2,Not Graduate,Yes,9600000.0,29900000.0,12,650,2400000.0,17600000.0,22700000.0,8000000.0,1,Approved,0.97,2026-06-08T20:38:22.400922+00:00
,2,Graduate,No,5000000.0,25000000.0,12,778,2400000.0,17600000.0,22700000.0,8000000.0,1,Approved,0.955,2026-06-08T20:38:27.510402+00:00
,2,Graduate,No,9600000.0,10000000.0,12,778,2400000.0,17600000.0,22700000.0,8000000.0,1,Approved,0.915,2026-06-08T20:38:27.627551+00:00
,3,Not Graduate,No,300000.0,5000000.0,12,350,0.0,0.0,0.0,0.0,0,Rejected,0.085,2026-06-08T20:38:27.758298+00:00
,2,Graduate,No,5000000.0,10000000.0,12,778,2400000.0,17600000.0,22700000.0,8000000.0,1,Approved,0.95,2026-06-08T20:38:27.879830+00:00
,2,Graduate,No,1000000.0,6000000.0,12,778,2400000.0,17600000.0,22700000.0,8000000.0,1,Approved,0.93,2026-06-08T20:38:28.005623+00:00
1001,2,Graduate,No,9600000.0,29900000.0,12,778,2400000.0,17600000.0,22700000.0,8000000.0,1,Approved,0.97,2026-06-08T20:38:29.737032+00:00
1001,2,Graduate,No,9600000.0,29900000.0,12,778,0.0,17600000.0,22700000.0,8000000.0,1,Approved,0.97,2026-06-08T20:38:29.830325+00:00
1001,2,Graduate,No,9600000.0,29900000.0,12,778,2400000.0,0.0,22700000.0,8000000.0,1,Approved,0.975,2026-06-08T20:38:29.886167+00:00
1001,2,Graduate,No,9600000.0,29900000.0,12,778,2400000.0,17600000.0,0.0,8000000.0,0,Rejected,0.28,2026-06-08T20:38:29.940812+00:00
1001,2,Graduate,No,9600000.0,29900000.0,12,778,2400000.0,17600000.0,22700000.0,0.0,1,Approved,0.955,2026-06-08T20:38:29.992627+00:00
1001,2,Graduate,No,9600000.0,29900000.0,12,778,0.0,0.0,0.0,0.0,0,Rejected,0.145,2026-06-08T20:38:30.047961+00:00
1001,2,Graduate,No,9600000.0,29900000.0,12,300,2400000.0,17600000.0,22700000.0,8000000.0,0,Rejected,0.1,2026-06-08T20:38:30.110248+00:00
1001,2,Graduate,No,9600000.0,29900000.0,12,900,2400000.0,17600000.0,22700000.0,8000000.0,1,Approved,0.97,2026-06-08T20:38:30.174632+00:00
1001,2,Graduate,No,9600000.0,29900000.0,12,778,2400000.0,17600000.0,22700000.0,8000000.0,1,Approved,0.97,2026-06-08T20:38:30.239311+00:00
1001,2,Not Graduate,No,9600000.0,29900000.0,12,778,2400000.0,17600000.0,22700000.0,8000000.0,1,Approved,0.975,2026-06-08T20:38:30.307132+00:00
1001,2,Graduate,Yes,9600000.0,29900000.0,12,778,2400000.0,17600000.0,22700000.0,8000000.0,1,Approved,0.97,2026-06-08T20:38:30.369793+00:00
1001,2,Graduate,No,9600000.0,29900000.0,12,778,2400000.0,17600000.0,22700000.0,8000000.0,1,Approved,0.97,2026-06-08T20:38:30.434478+00:00
1001,2,Graduate,No,9600000.0,29900000.0,12,778,2400000.0,17600000.0,22700000.0,8000000.0,1,Approved,0.97,2026-06-08T23:29:49.855767+00:00
1001,2,Graduate,No,9600000.0,29900000.0,12,778,2400000.0,17600000.0,22700000.0,8000000.0,1,Approved,0.97,2026-06-08T23:29:49.914106+00:00
1002,2,Not Graduate,Yes,9600000.0,29900000.0,12,650,2400000.0,17600000.0,22700000.0,8000000.0,1,Approved,0.97,2026-06-08T23:29:49.914106+00:00
,2,Graduate,No,5000000.0,25000000.0,12,778,2400000.0,17600000.0,22700000.0,8000000.0,1,Approved,0.955,2026-06-08T23:29:53.463410+00:00
,2,Graduate,No,9600000.0,10000000.0,12,778,2400000.0,17600000.0,22700000.0,8000000.0,1,Approved,0.915,2026-06-08T23:29:53.552999+00:00
,3,Not Graduate,No,300000.0,5000000.0,12,350,0.0,0.0,0.0,0.0,0,Rejected,0.085,2026-06-08T23:29:53.633998+00:00
,2,Graduate,No,5000000.0,10000000.0,12,778,2400000.0,17600000.0,22700000.0,8000000.0,1,Approved,0.95,2026-06-08T23:29:53.727139+00:00
,2,Graduate,No,1000000.0,6000000.0,12,778,2400000.0,17600000.0,22700000.0,8000000.0,1,Approved,0.93,2026-06-08T23:29:53.878878+00:00
1001,2,Graduate,No,9600000.0,29900000.0,12,778,2400000.0,17600000.0,22700000.0,8000000.0,1,Approved,0.97,2026-06-08T23:29:55.088509+00:00
1001,2,Graduate,No,9600000.0,29900000.0,12,778,0.0,17600000.0,22700000.0,8000000.0,1,Approved,0.97,2026-06-08T23:29:55.162333+00:00
1001,2,Graduate,No,9600000.0,29900000.0,12,778,2400000.0,0.0,22700000.0,8000000.0,1,Approved,0.975,2026-06-08T23:29:55.211170+00:00
1001,2,Graduate,No,9600000.0,29900000.0,12,778,2400000.0,17600000.0,0.0,8000000.0,0,Rejected,0.28,2026-06-08T23:29:55.250621+00:00
1001,2,Graduate,No,9600000.0,29900000.0,12,778,2400000.0,17600000.0,22700000.0,0.0,1,Approved,0.955,2026-06-08T23:29:55.284007+00:00
1001,2,Graduate,No,9600000.0,29900000.0,12,778,0.0,0.0,0.0,0.0,0,Rejected,0.145,2026-06-08T23:29:55.321129+00:00
1001,2,Graduate,No,9600000.0,29900000.0,12,300,2400000.0,17600000.0,22700000.0,8000000.0,0,Rejected,0.1,2026-06-08T23:29:55.366365+00:00
1001,2,Graduate,No,9600000.0,29900000.0,12,900,2400000.0,17600000.0,22700000.0,8000000.0,1,Approved,0.97,2026-06-08T23:29:55.409489+00:00
1001,2,Graduate,No,9600000.0,29900000.0,12,778,2400000.0,17600000.0,22700000.0,8000000.0,1,Approved,0.97,2026-06-08T23:29:55.453114+00:00
1001,2,Not Graduate,No,9600000.0,29900000.0,12,778,2400000.0,17600000.0,22700000.0,8000000.0,1,Approved,0.975,2026-06-08T23:29:55.500039+00:00
1001,2,Graduate,Yes,9600000.0,29900000.0,12,778,2400000.0,17600000.0,22700000.0,8000000.0,1,Approved,0.97,2026-06-08T23:29:55.544163+00:00
1001,2,Graduate,No,9600000.0,29900000.0,12,778,2400000.0,17600000.0,22700000.0,8000000.0,1,Approved,0.97,2026-06-08T23:29:55.588137+00:00
1001,2,Graduate,No,9600000.0,29900000.0,12,778,2400000.0,17600000.0,22700000.0,8000000.0,1,Approved,0.97,2026-06-09T02:05:30.989789+00:00
1001,2,Graduate,No,9600000.0,29900000.0,12,778,2400000.0,17600000.0,22700000.0,8000000.0,1,Approved,0.97,2026-06-09T02:05:31.059422+00:00
1002,2,Not Graduate,Yes,9600000.0,29900000.0,12,650,2400000.0,17600000.0,22700000.0,8000000.0,1,Approved,0.97,2026-06-09T02:05:31.059422+00:00
,2,Graduate,No,5000000.0,25000000.0,12,778,2400000.0,17600000.0,22700000.0,8000000.0,1,Approved,0.955,2026-06-09T02:05:34.895204+00:00
,2,Graduate,No,9600000.0,10000000.0,12,778,2400000.0,17600000.0,22700000.0,8000000.0,1,Approved,0.915,2026-06-09T02:05:34.991504+00:00
,3,Not Graduate,No,300000.0,5000000.0,12,350,0.0,0.0,0.0,0.0,0,Rejected,0.085,2026-06-09T02:05:35.084443+00:00
,2,Graduate,No,5000000.0,10000000.0,12,778,2400000.0,17600000.0,22700000.0,8000000.0,1,Approved,0.95,2026-06-09T02:05:35.162307+00:00
,2,Graduate,No,1000000.0,6000000.0,12,778,2400000.0,17600000.0,22700000.0,8000000.0,1,Approved,0.93,2026-06-09T02:05:35.244875+00:00
1001,2,Graduate,No,9600000.0,29900000.0,12,778,2400000.0,17600000.0,22700000.0,8000000.0,1,Approved,0.97,2026-06-09T02:05:41.011290+00:00
1001,2,Graduate,No,9600000.0,29900000.0,12,778,0.0,17600000.0,22700000.0,8000000.0,1,Approved,0.97,2026-06-09T02:05:41.129372+00:00
1001,2,Graduate,No,9600000.0,29900000.0,12,778,2400000.0,0.0,22700000.0,8000000.0,1,Approved,0.975,2026-06-09T02:05:41.192400+00:00
1001,2,Graduate,No,9600000.0,29900000.0,12,778,2400000.0,17600000.0,0.0,8000000.0,0,Rejected,0.28,2026-06-09T02:05:41.247277+00:00
1001,2,Graduate,No,9600000.0,29900000.0,12,778,2400000.0,17600000.0,22700000.0,0.0,1,Approved,0.955,2026-06-09T02:05:41.297259+00:00
1001,2,Graduate,No,9600000.0,29900000.0,12,778,0.0,0.0,0.0,0.0,0,Rejected,0.145,2026-06-09T02:05:41.359942+00:00
1001,2,Graduate,No,9600000.0,29900000.0,12,300,2400000.0,17600000.0,22700000.0,8000000.0,0,Rejected,0.1,2026-06-09T02:05:41.435657+00:00
1001,2,Graduate,No,9600000.0,29900000.0,12,900,2400000.0,17600000.0,22700000.0,8000000.0,1,Approved,0.97,2026-06-09T02:05:41.507705+00:00
1001,2,Graduate,No,9600000.0,29900000.0,12,778,2400000.0,17600000.0,22700000.0,8000000.0,1,Approved,0.97,2026-06-09T02:05:41.575258+00:00
1001,2,Not Graduate,No,9600000.0,29900000.0,12,778,2400000.0,17600000.0,22700000.0,8000000.0,1,Approved,0.975,2026-06-09T02:05:41.645068+00:00
1001,2,Graduate,Yes,9600000.0,29900000.0,12,778,2400000.0,17600000.0,22700000.0,8000000.0,1,Approved,0.97,2026-06-09T02:05:41.732492+00:00
1001,2,Graduate,No,9600000.0,29900000.0,12,778,2400000.0,17600000.0,22700000.0,8000000.0,1,Approved,0.97,2026-06-09T02:05:41.821958+00:00
1001,2,Graduate,No,9600000.0,29900000.0,12,778,2400000.0,17600000.0,22700000.0,8000000.0,1,Approved,0.97,2026-06-09T02:05:42.197443+00:00
,2,Graduate,No,500000.0,2500000.0,12,778,2400000.0,17600000.0,22700000.0,8000000.0,1,Approved,0.93,2026-06-09T15:33:21.316147+00:00
,2,Graduate,No,9600000.0,10000000.0,12,778,2400000.0,17600000.0,22700000.0,8000000.0,1,Approved,0.915,2026-06-09T15:33:21.484983+00:00
,3,Not Graduate,No,300000.0,5000000.0,12,350,0.0,0.0,0.0,0.0,0,Rejected,0.085,2026-06-09T15:33:21.648991+00:00
,2,Graduate,No,500000.0,1000000.0,12,778,2400000.0,17600000.0,22700000.0,8000000.0,1,Approved,0.955,2026-06-09T15:33:21.810901+00:00
,2,Graduate,No,100000.0,600000.0,12,778,2400000.0,17600000.0,22700000.0,8000000.0,1,Approved,0.92,2026-06-09T15:33:21.977530+00:00
,2,Graduate,No,500000.0,2500000.0,12,778,2400000.0,17600000.0,22700000.0,8000000.0,1,Approved,0.93,2026-06-09T15:34:49.567877+00:00
,2,Graduate,No,9600000.0,10000000.0,12,778,2400000.0,17600000.0,22700000.0,8000000.0,1,Approved,0.915,2026-06-09T15:34:49.660037+00:00
,3,Not Graduate,No,300000.0,5000000.0,12,350,0.0,0.0,0.0,0.0,0,Rejected,0.085,2026-06-09T15:34:49.766238+00:00
,2,Graduate,No,500000.0,1000000.0,12,778,2400000.0,17600000.0,22700000.0,8000000.0,1,Approved,0.955,2026-06-09T15:34:49.881132+00:00
,2,Graduate,No,100000.0,600000.0,12,778,2400000.0,17600000.0,22700000.0,8000000.0,1,Approved,0.92,2026-06-09T15:34:49.968254+00:00
,2,Graduate,No,500000.0,2500000.0,12,778,2400000.0,17600000.0,22700000.0,8000000.0,1,Approved,0.93,2026-06-09T15:37:51.965096+00:00
,2,Graduate,No,9600000.0,10000000.0,12,778,2400000.0,17600000.0,22700000.0,8000000.0,1,Approved,0.915,2026-06-09T15:37:52.039910+00:00
,3,Not Graduate,No,300000.0,5000000.0,12,350,0.0,0.0,0.0,0.0,0,Rejected,0.085,2026-06-09T15:37:52.113551+00:00
,2,Graduate,No,500000.0,1000000.0,12,778,2400000.0,17600000.0,22700000.0,8000000.0,1,Approved,0.955,2026-06-09T15:37:52.186380+00:00
,2,Graduate,No,100000.0,600000.0,12,778,2400000.0,17600000.0,22700000.0,8000000.0,1,Approved,0.92,2026-06-09T15:37:52.259477+00:00
,2,Graduate,No,500000.0,2500000.0,12,778,2400000.0,17600000.0,22700000.0,8000000.0,1,Approved,0.93,2026-06-09T15:39:33.846397+00:00
,2,Graduate,No,9600000.0,10000000.0,12,778,2400000.0,17600000.0,22700000.0,8000000.0,1,Approved,0.915,2026-06-09T15:39:33.920875+00:00
,3,Not Graduate,No,300000.0,5000000.0,12,350,0.0,0.0,0.0,0.0,0,Rejected,0.085,2026-06-09T15:39:33.995848+00:00
,2,Graduate,No,500000.0,1000000.0,12,778,2400000.0,17600000.0,22700000.0,8000000.0,1,Approved,0.955,2026-06-09T15:39:34.070649+00:00
,2,Graduate,No,100000.0,600000.0,12,778,2400000.0,17600000.0,22700000.0,8000000.0,1,Approved,0.92,2026-06-09T15:39:34.145519+00:00
,2,Graduate,No,500000.0,2500000.0,12,778,2400000.0,17600000.0,22700000.0,8000000.0,1,Approved,0.93,2026-06-09T15:40:03.842979+00:00
,2,Graduate,No,9600000.0,10000000.0,12,778,2400000.0,17600000.0,22700000.0,8000000.0,1,Approved,0.915,2026-06-09T15:40:03.916664+00:00
,3,Not Graduate,No,300000.0,5000000.0,12,350,0.0,0.0,0.0,0.0,0,Rejected,0.085,2026-06-09T15:40:03.990627+00:00
,2,Graduate,No,500000.0,1000000.0,12,778,2400000.0,17600000.0,22700000.0,8000000.0,1,Approved,0.955,2026-06-09T15:40:04.064744+00:00
,2,Graduate,No,100000.0,600000.0,12,778,2400000.0,17600000.0,22700000.0,8000000.0,1,Approved,0.92,2026-06-09T15:40:04.137686+00:00
,2,Graduate,No,500000.0,2500000.0,12,778,2400000.0,17600000.0,22700000.0,8000000.0,1,Approved,0.93,2026-06-09T15:41:40.995652+00:00
,2,Graduate,No,9600000.0,10000000.0,12,778,2400000.0,17600000.0,22700000.0,8000000.0,1,Approved,0.915,2026-06-09T15:41:41.071724+00:00
,3,Not Graduate,No,300000.0,5000000.0,12,350,0.0,0.0,0.0,0.0,0,Rejected,0.085,2026-06-09T15:41:41.146077+00:00
,2,Graduate,No,500000.0,1000000.0,12,778,2400000.0,17600000.0,22700000.0,8000000.0,1,Approved,0.955,2026-06-09T15:41:41.220824+00:00
,2,Graduate,No,100000.0,600000.0,12,778,2400000.0,17600000.0,22700000.0,8000000.0,1,Approved,0.92,2026-06-09T15:41:41.295011+00:00
1001,2,Graduate,No,9600000.0,29900000.0,12,778,2400000.0,17600000.0,22700000.0,8000000.0,1,Approved,0.97,2026-06-09T15:41:46.764203+00:00
1001,2,Graduate,No,9600000.0,29900000.0,12,778,2400000.0,17600000.0,22700000.0,8000000.0,1,Approved,0.97,2026-06-09T15:41:46.818131+00:00
1002,2,Not Graduate,Yes,9600000.0,29900000.0,12,650,2400000.0,17600000.0,22700000.0,8000000.0,1,Approved,0.97,2026-06-09T15:41:46.818131+00:00
1001,2,Graduate,No,9600000.0,29900000.0,12,778,2400000.0,17600000.0,22700000.0,8000000.0,1,Approved,0.97,2026-06-09T15:41:46.901223+00:00
1001,2,Graduate,No,9600000.0,29900000.0,12,778,0.0,17600000.0,22700000.0,8000000.0,1,Approved,0.97,2026-06-09T15:41:47.001316+00:00
1001,2,Graduate,No,9600000.0,29900000.0,12,778,2400000.0,0.0,22700000.0,8000000.0,1,Approved,0.975,2026-06-09T15:41:47.055085+00:00
1001,2,Graduate,No,9600000.0,29900000.0,12,778,2400000.0,17600000.0,0.0,8000000.0,0,Rejected,0.28,2026-06-09T15:41:47.107293+00:00
1001,2,Graduate,No,9600000.0,29900000.0,12,778,2400000.0,17600000.0,22700000.0,0.0,1,Approved,0.955,2026-06-09T15:41:47.156536+00:00
1001,2,Graduate,No,9600000.0,29900000.0,12,778,0.0,0.0,0.0,0.0,0,Rejected,0.145,2026-06-09T15:41:47.210263+00:00
1001,2,Graduate,No,9600000.0,29900000.0,12,300,2400000.0,17600000.0,22700000.0,8000000.0,0,Rejected,0.1,2026-06-09T15:41:47.268113+00:00
1001,2,Graduate,No,9600000.0,29900000.0,12,900,2400000.0,17600000.0,22700000.0,8000000.0,1,Approved,0.97,2026-06-09T15:41:47.322228+00:00
1001,2,Graduate,No,9600000.0,29900000.0,12,778,2400000.0,17600000.0,22700000.0,8000000.0,1,Approved,0.97,2026-06-09T15:41:47.374375+00:00
1001,2,Not Graduate,No,9600000.0,29900000.0,12,778,2400000.0,17600000.0,22700000.0,8000000.0,1,Approved,0.975,2026-06-09T15:41:47.427338+00:00
1001,2,Graduate,Yes,9600000.0,29900000.0,12,778,2400000.0,17600000.0,22700000.0,8000000.0,1,Approved,0.97,2026-06-09T15:41:47.479854+00:00
1001,2,Graduate,No,9600000.0,29900000.0,12,778,2400000.0,17600000.0,22700000.0,8000000.0,1,Approved,0.97,2026-06-09T15:41:47.535011+00:00
1001,2,Graduate,No,9600000.0,29900000.0,12,778,2400000.0,17600000.0,22700000.0,8000000.0,1,Approved,0.97,2026-06-09T15:41:47.846765+00:00
,2,Graduate,No,500000.0,2500000.0,12,778,2400000.0,17600000.0,22700000.0,8000000.0,1,Approved,0.93,2026-06-09T15:43:17.666528+00:00
,2,Graduate,No,9600000.0,10000000.0,12,778,2400000.0,17600000.0,22700000.0,8000000.0,1,Approved,0.915,2026-06-09T15:43:17.744906+00:00
,3,Not Graduate,No,300000.0,5000000.0,12,350,0.0,0.0,0.0,0.0,0,Rejected,0.085,2026-06-09T15:43:17.839842+00:00
,2,Graduate,No,500000.0,1000000.0,12,778,2400000.0,17600000.0,22700000.0,8000000.0,1,Approved,0.955,2026-06-09T15:43:17.934983+00:00
,2,Graduate,No,100000.0,600000.0,12,778,2400000.0,17600000.0,22700000.0,8000000.0,1,Approved,0.92,2026-06-09T15:43:18.022564+00:00
1001,2,Graduate,No,9600000.0,29900000.0,12,778,2400000.0,17600000.0,22700000.0,8000000.0,1,Approved,0.97,2026-06-09T15:43:23.808371+00:00
1001,2,Graduate,No,9600000.0,29900000.0,12,778,2400000.0,17600000.0,22700000.0,8000000.0,1,Approved,0.97,2026-06-09T15:43:23.878205+00:00
1002,2,Not Graduate,Yes,9600000.0,29900000.0,12,650,2400000.0,17600000.0,22700000.0,8000000.0,1,Approved,0.97,2026-06-09T15:43:23.878205+00:00
1001,2,Graduate,No,9600000.0,29900000.0,12,778,2400000.0,17600000.0,22700000.0,8000000.0,1,Approved,0.97,2026-06-09T15:43:23.989039+00:00
1001,2,Graduate,No,9600000.0,29900000.0,12,778,0.0,17600000.0,22700000.0,8000000.0,1,Approved,0.97,2026-06-09T15:43:24.115746+00:00
1001,2,Graduate,No,9600000.0,29900000.0,12,778,2400000.0,0.0,22700000.0,8000000.0,1,Approved,0.975,2026-06-09T15:43:24.174569+00:00
1001,2,Graduate,No,9600000.0,29900000.0,12,778,2400000.0,17600000.0,0.0,8000000.0,0,Rejected,0.28,2026-06-09T15:43:24.225425+00:00
1001,2,Graduate,No,9600000.0,29900000.0,12,778,2400000.0,17600000.0,22700000.0,0.0,1,Approved,0.955,2026-06-09T15:43:24.275047+00:00
1001,2,Graduate,No,9600000.0,29900000.0,12,778,0.0,0.0,0.0,0.0,0,Rejected,0.145,2026-06-09T15:43:24.333149+00:00
1001,2,Graduate,No,9600000.0,29900000.0,12,300,2400000.0,17600000.0,22700000.0,8000000.0,0,Rejected,0.1,2026-06-09T15:43:24.410474+00:00
1001,2,Graduate,No,9600000.0,29900000.0,12,900,2400000.0,17600000.0,22700000.0,8000000.0,1,Approved,0.97,2026-06-09T15:43:24.496078+00:00
1001,2,Graduate,No,9600000.0,29900000.0,12,778,2400000.0,17600000.0,22700000.0,8000000.0,1,Approved,0.97,2026-06-09T15:43:24.562221+00:00
1001,2,Not Graduate,No,9600000.0,29900000.0,12,778,2400000.0,17600000.0,22700000.0,8000000.0,1,Approved,0.975,2026-06-09T15:43:24.628006+00:00
1001,2,Graduate,Yes,9600000.0,29900000.0,12,778,2400000.0,17600000.0,22700000.0,8000000.0,1,Approved,0.97,2026-06-09T15:43:24.704572+00:00
1001,2,Graduate,No,9600000.0,29900000.0,12,778,2400000.0,17600000.0,22700000.0,8000000.0,1,Approved,0.97,2026-06-09T15:43:24.774345+00:00
1001,2,Graduate,No,9600000.0,29900000.0,12,778,2400000.0,17600000.0,22700000.0,8000000.0,1,Approved,0.97,2026-06-09T15:43:25.156372+00:00
